<?xml version="1.0" encoding="UTF-8"?>
<jcr:root xmlns:sling="http://sling.apache.org/jcr/sling/1.0" xmlns:cq="http://www.day.com/jcr/cq/1.0" xmlns:jcr="http://www.jcp.org/jcr/1.0" xmlns:nt="http://www.jcp.org/jcr/nt/1.0"
    jcr:primaryType="nt:unstructured"
    jcr:title="Properties"
    sling:resourceType="cq/gui/components/authoring/dialog">
    <content
        jcr:primaryType="nt:unstructured"
        sling:resourceType="granite/ui/components/coral/foundation/fixedcolumns">
        <items jcr:primaryType="nt:unstructured">
            <column
                jcr:primaryType="nt:unstructured"
                sling:resourceType="granite/ui/components/coral/foundation/container">
                <items jcr:primaryType="nt:unstructured">
                    <text
                        jcr:primaryType="nt:unstructured"
                        sling:resourceType="granite/ui/components/coral/foundation/form/textfield"
                        fieldLabel="Text"
                        name="./text"/>
                    <dropdown
                        jcr:primaryType="nt:unstructured"
                        sling:resourceType="granite/ui/components/coral/foundation/form/select"
                        fieldLabel="Drop Down"
                        name="./dropdowncomp">
                        <datasource
                            jcr:primaryType="nt:unstructured"
                            sling:resourceType="/bin/dropdown/values"/>
                    </dropdown>
                    <option
                        jcr:primaryType="nt:unstructured"
                        sling:resourceType="granite/ui/components/coral/foundation/form/select"
                        class="cq-dialog-tab-showhide"
                        cq-dialog-tab-showhide-target="list-option-tab-showhide-target"
                        fieldLabel="Drop Down"
                        name="./option">
                        <items
                            jcr:primaryType="nt:unstructured"
                            sling:resourceType="/bin/dropdown/values">
                            <title jcr:primaryType="nt:unstructured"/>
                            <url jcr:primaryType="nt:unstructured"/>
                        </items>
                        <title
                            jcr:primaryType="nt:unstructured"
                            sling:resourceType="granite/ui/components/foundation/container"
                            class="hide title-url-hide-show"
                            showhidetargetvalue="title">
                            <items jcr:primaryType="nt:unstructured">
                                <well
                                    jcr:primaryType="nt:unstructured"
                                    sling:resourceType="granite/ui/components/foundation/container">
                                    <layout
                                        jcr:primaryType="nt:unstructured"
                                        sling:resourceType="granite/ui/components/foundation/layouts/well"/>
                                    <items jcr:primaryType="nt:unstructured"/>
                                </well>
                            </items>
                        </title>
                        <url
                            jcr:primaryType="nt:unstructured"
                            sling:resourceType="granite/ui/components/foundation/container"
                            showhidetargetvalue="url">
                            <items jcr:primaryType="nt:unstructured">
                                <well
                                    jcr:primaryType="nt:unstructured"
                                    sling:resourceType="granite/ui/components/foundation/container">
                                    <layout
                                        jcr:primaryType="nt:unstructured"
                                        sling:resourceType="granite/ui/components/foundation/layouts/well"/>
                                    <items jcr:primaryType="nt:unstructured"/>
                                </well>
                            </items>
                        </url>
                        <itemss
                            jcr:primaryType="nt:unstructured"
                            class="cq-dialog-tab-showhide">
                            <video
                                jcr:primaryType="nt:unstructured"
                                text="video"
                                value="video"/>
                            <image
                                jcr:primaryType="nt:unstructured"
                                text="image"
                                value="image"/>
                            <layoutConfig
                                jcr:primaryType="nt:unstructured"
                                class="hide list-option-tab-showhide-target image"/>
                        </itemss>
                    </option>
                </items>
            </column>
        </items>
    </content>
</jcr:root>
