<?xml version="1.0" encoding="UTF-8"?>
<jcr:root xmlns:sling="http://sling.apache.org/jcr/sling/1.0" xmlns:cq="http://www.day.com/jcr/cq/1.0" xmlns:jcr="http://www.jcp.org/jcr/1.0" xmlns:nt="http://www.jcp.org/jcr/nt/1.0" xmlns:rep="internal"
    jcr:mixinTypes="[rep:AccessControllable]"
    jcr:primaryType="cq:Page">
    <jcr:content
        cq:deviceGroups="[/etc/mobile/groups/responsive]"
        cq:lastModified="{Date}2021-09-26T18:47:30.248+05:30"
        cq:lastModifiedBy="admin"
        jcr:primaryType="nt:unstructured"
        jcr:title="learning"
        sling:redirect="true"
        sling:redirectStatus="{Long}302"
        sling:resourceType="foundation/components/redirect"
        redirectTarget="/content/learning/en">
        <image jcr:primaryType="nt:unstructured">
            <file/>
        </image>
    </jcr:content>
    <en/>
    <es_hn/>
    <fr/>
    <test-page/>
    <gggggg/>
    <abcd/>
    <title/>
    <qwqw/>
    <_x0039_-feb/>
    <q/>
    <qqqqq/>
    <newpage/>
</jcr:root>
