<?xml version="1.0" encoding="UTF-8"?>
<jcr:root xmlns:sling="http://sling.apache.org/jcr/sling/1.0" xmlns:cq="http://www.day.com/jcr/cq/1.0" xmlns:jcr="http://www.jcp.org/jcr/1.0" xmlns:mix="http://www.jcp.org/jcr/mix/1.0" xmlns:nt="http://www.jcp.org/jcr/nt/1.0"
    jcr:primaryType="cq:Page">
    <jcr:content
        cq:contextHubPath="/etc/cloudsettings/default/contexthub"
        cq:contextHubSegmentsPath="/etc/segmentation/contexthub"
        cq:lastModified="{Date}2021-09-08T23:43:43.212+05:30"
        cq:lastModifiedBy="admin"
        cq:lastReplicated="{Date}2021-10-05T11:47:38.956+05:30"
        cq:lastReplicatedBy="admin"
        cq:lastReplicationAction="Activate"
        cq:template="/conf/learning/settings/wcm/templates/content-page"
        jcr:isCheckedOut="{Boolean}true"
        jcr:mixinTypes="[mix:versionable]"
        jcr:primaryType="cq:PageContent"
        jcr:title="vv"
        jcr:uuid="127ee84f-e365-4ddb-9c87-4939cedf259e"
        sling:resourceType="learning/components/structure/page"
        expDate="2021-10-01T10:54:43.941+05:30">
        <root
            jcr:primaryType="nt:unstructured"
            sling:resourceType="wcm/foundation/components/responsivegrid">
            <responsivegrid
                jcr:primaryType="nt:unstructured"
                sling:resourceType="wcm/foundation/components/responsivegrid">
                <searchcomponent
                    jcr:created="{Date}2021-07-07T12:56:12.439+05:30"
                    jcr:createdBy="admin"
                    jcr:lastModified="{Date}2021-07-07T12:56:12.439+05:30"
                    jcr:lastModifiedBy="admin"
                    jcr:primaryType="nt:unstructured"
                    sling:resourceType="learning/components/content/SearchComponent"/>
                <testcomp
                    jcr:created="{Date}2021-09-08T23:43:43.210+05:30"
                    jcr:createdBy="admin"
                    jcr:lastModified="{Date}2021-09-08T23:43:43.210+05:30"
                    jcr:lastModifiedBy="admin"
                    jcr:primaryType="nt:unstructured"
                    sling:resourceType="airtelnew/components/content/testcomp"/>
            </responsivegrid>
            <responsivegrid_120685626
                jcr:created="{Date}2020-12-08T16:15:42.242+05:30"
                jcr:createdBy="admin"
                jcr:lastModified="{Date}2020-12-08T16:15:42.242+05:30"
                jcr:lastModifiedBy="admin"
                jcr:primaryType="nt:unstructured"
                sling:resourceType="wcm/foundation/components/responsivegrid">
                <responsivegrid
                    jcr:created="{Date}2020-12-08T16:15:54.042+05:30"
                    jcr:createdBy="admin"
                    jcr:lastModified="{Date}2020-12-10T13:27:01.228+05:30"
                    jcr:lastModifiedBy="admin"
                    jcr:primaryType="nt:unstructured"
                    sling:resourceType="wcm/foundation/components/responsivegrid">
                    <testcomp
                        jcr:created="{Date}2021-09-08T23:43:19.918+05:30"
                        jcr:createdBy="admin"
                        jcr:lastModified="{Date}2021-09-08T23:43:19.918+05:30"
                        jcr:lastModifiedBy="admin"
                        jcr:primaryType="nt:unstructured"
                        sling:resourceType="airtelnew/components/content/testcomp"/>
                </responsivegrid>
            </responsivegrid_120685626>
            <responsivegrid_72202793
                jcr:created="{Date}2020-12-08T16:16:26.252+05:30"
                jcr:createdBy="admin"
                jcr:lastModified="{Date}2020-12-10T13:27:17.228+05:30"
                jcr:lastModifiedBy="admin"
                jcr:primaryType="nt:unstructured"
                sling:resourceType="wcm/foundation/components/responsivegrid">
                <thumbnailcomponent
                    jcr:created="{Date}2021-06-27T17:58:10.935+05:30"
                    jcr:createdBy="admin"
                    jcr:lastModified="{Date}2021-06-27T17:58:10.935+05:30"
                    jcr:lastModifiedBy="admin"
                    jcr:primaryType="nt:unstructured"
                    sling:resourceType="learning/components/content/ThumbnailComponent"/>
                <responsivegrid
                    jcr:created="{Date}2020-12-08T16:16:46.840+05:30"
                    jcr:createdBy="admin"
                    jcr:lastModified="{Date}2020-12-08T16:16:46.840+05:30"
                    jcr:lastModifiedBy="admin"
                    jcr:primaryType="nt:unstructured"
                    sling:resourceType="wcm/foundation/components/responsivegrid">
                    <cq:responsive jcr:primaryType="nt:unstructured"/>
                </responsivegrid>
            </responsivegrid_72202793>
        </root>
        <image
            jcr:primaryType="nt:unstructured"
            fileReference="/content/dam/we-retail/en/activities/biking/mountain-biking.jpg"/>
    </jcr:content>
    <mypage/>
    <newpage/>
    <welcomepage/>
</jcr:root>
