<?xml version="1.0" encoding="UTF-8"?>
<jcr:root xmlns:sling="http://sling.apache.org/jcr/sling/1.0" xmlns:cq="http://www.day.com/jcr/cq/1.0" xmlns:jcr="http://www.jcp.org/jcr/1.0" xmlns:mix="http://www.jcp.org/jcr/mix/1.0" xmlns:nt="http://www.jcp.org/jcr/nt/1.0"
    jcr:primaryType="cq:Page">
    <jcr:content
        cq:contextHubPath="/etc/cloudsettings/default/contexthub"
        cq:contextHubSegmentsPath="/etc/segmentation/contexthub"
        cq:lastModified="{Date}2021-10-01T08:56:55.489+05:30"
        cq:lastModifiedBy="admin"
        cq:lastReplicated="{Date}2021-10-05T12:33:30.556+05:30"
        cq:lastReplicatedBy="myUser"
        cq:lastReplicationAction="Activate"
        cq:target-ambits_x0040_Delete="true"
        cq:template="/conf/learning/settings/wcm/templates/content-page"
        jcr:isCheckedOut="{Boolean}true"
        jcr:mixinTypes="[mix:versionable]"
        jcr:primaryType="cq:PageContent"
        jcr:title="AEMDemo"
        jcr:uuid="05d6bc89-db93-4472-9d3a-67633132e8e6"
        sling:resourceType="learning/components/structure/page"
        expDate="{Date}2021-09-26T22:59:42.284+05:30">
        <root
            jcr:primaryType="nt:unstructured"
            sling:resourceType="wcm/foundation/components/responsivegrid">
            <responsivegrid
                jcr:primaryType="nt:unstructured"
                sling:resourceType="wcm/foundation/components/responsivegrid"/>
            <responsivegrid_120685626
                jcr:created="{Date}2020-12-08T16:15:42.242+05:30"
                jcr:createdBy="admin"
                jcr:lastModified="{Date}2020-12-08T16:15:42.242+05:30"
                jcr:lastModifiedBy="admin"
                jcr:primaryType="nt:unstructured"
                sling:resourceType="wcm/foundation/components/responsivegrid">
                <responsivegrid
                    jcr:created="{Date}2020-12-08T16:15:54.042+05:30"
                    jcr:createdBy="admin"
                    jcr:lastModified="{Date}2020-12-10T13:27:01.228+05:30"
                    jcr:lastModifiedBy="admin"
                    jcr:primaryType="nt:unstructured"
                    sling:resourceType="wcm/foundation/components/responsivegrid"/>
            </responsivegrid_120685626>
            <responsivegrid_72202793
                jcr:created="{Date}2020-12-08T16:16:26.252+05:30"
                jcr:createdBy="admin"
                jcr:lastModified="{Date}2020-12-10T13:27:17.228+05:30"
                jcr:lastModifiedBy="admin"
                jcr:primaryType="nt:unstructured"
                sling:resourceType="wcm/foundation/components/responsivegrid">
                <demomulti
                    jcr:created="{Date}2021-09-23T23:51:58.982+05:30"
                    jcr:createdBy="admin"
                    jcr:lastModified="{Date}2021-09-23T23:51:58.982+05:30"
                    jcr:lastModifiedBy="admin"
                    jcr:primaryType="nt:unstructured"
                    sling:resourceType="learning/components/demomulti"/>
                <responsivegrid
                    jcr:created="{Date}2020-12-08T16:16:46.840+05:30"
                    jcr:createdBy="admin"
                    jcr:lastModified="{Date}2020-12-08T16:16:46.840+05:30"
                    jcr:lastModifiedBy="admin"
                    jcr:primaryType="nt:unstructured"
                    sling:resourceType="wcm/foundation/components/responsivegrid">
                    <cq:responsive jcr:primaryType="nt:unstructured"/>
                </responsivegrid>
            </responsivegrid_72202793>
            <responsivegrid_1667898569
                jcr:primaryType="nt:unstructured"
                sling:resourceType="wcm/foundation/components/responsivegrid">
                <aemdemotext
                    jcr:created="{Date}2021-09-24T09:05:49.984+05:30"
                    jcr:createdBy="admin"
                    jcr:lastModified="{Date}2021-09-24T09:24:03.700+05:30"
                    jcr:lastModifiedBy="admin"
                    jcr:primaryType="nt:unstructured"
                    sling:resourceType="learning/components/content/aemdemotext"
                    text="hello world 123"/>
                <demotext
                    jcr:created="{Date}2021-09-28T09:18:09.918+05:30"
                    jcr:createdBy="admin"
                    jcr:lastModified="{Date}2021-09-28T09:18:09.918+05:30"
                    jcr:lastModifiedBy="admin"
                    jcr:primaryType="nt:unstructured"
                    sling:resourceType="learning/components/content/demotext">
                    <etouchmultiple
                        jcr:lastModified="{Date}2021-09-28T09:18:34.929+05:30"
                        jcr:lastModifiedBy="admin"
                        jcr:primaryType="nt:unstructured"
                        sling:resourceType="learning/components/content/aemdemomultifield">
                        <productsmultifield jcr:primaryType="nt:unstructured">
                            <item0
                                jcr:primaryType="nt:unstructured"
                                description="aaaa"
                                imagepath="aaaa"
                                title="aaaaaaaaaaa"/>
                        </productsmultifield>
                    </etouchmultiple>
                </demotext>
                <aemdemomultifield
                    jcr:created="{Date}2021-09-28T09:19:45.058+05:30"
                    jcr:createdBy="admin"
                    jcr:lastModified="{Date}2021-09-28T09:19:55.189+05:30"
                    jcr:lastModifiedBy="admin"
                    jcr:primaryType="nt:unstructured"
                    sling:resourceType="learning/components/content/aemdemomultifield">
                    <productsmultifield jcr:primaryType="nt:unstructured">
                        <item0
                            jcr:primaryType="nt:unstructured"
                            description="abc"
                            imagepath="abc"
                            title="abc"/>
                    </productsmultifield>
                </aemdemomultifield>
                <aemdemotext_1300259235
                    jcr:created="{Date}2021-10-01T08:35:21.600+05:30"
                    jcr:createdBy="admin"
                    jcr:lastModified="{Date}2021-10-01T08:56:55.482+05:30"
                    jcr:lastModifiedBy="admin"
                    jcr:primaryType="nt:unstructured"
                    sling:resourceType="learning/components/content/aemdemotext"
                    text="ABCDEF"/>
            </responsivegrid_1667898569>
        </root>
        <image jcr:primaryType="nt:unstructured">
            <file/>
        </image>
    </jcr:content>
</jcr:root>
